"Keyword","Avg. Search Volume (Last Known Values)","Avg. Search Volume (Last 12 months)","Avg. Search Volume (Last 6 months)","Avg. Search Volume (Last 3 months)","Location","CPC/USD","PPC","Keyword Difficulty","Keyword interest growth (%)","Content Type","Search Intent","Keyword Opportunities","Serp Features","Search Volume 5/2015","Search Volume 6/2015","Search Volume 7/2015","Search Volume 8/2015","Search Volume 9/2015","Search Volume 10/2015","Search Volume 11/2015","Search Volume 12/2015","Search Volume 1/2016","Search Volume 2/2016","Search Volume 3/2016","Search Volume 4/2016","Search Volume 5/2016","Search Volume 6/2016","Search Volume 7/2016","Search Volume 8/2016","Search Volume 9/2016","Search Volume 10/2016","Search Volume 11/2016","Search Volume 12/2016","Search Volume 1/2017","Search Volume 2/2017","Search Volume 3/2017","Search Volume 4/2017","Search Volume 5/2017","Search Volume 6/2017","Search Volume 7/2017","Search Volume 8/2017","Search Volume 9/2017","Search Volume 10/2017","Search Volume 11/2017","Search Volume 12/2017","Search Volume 1/2018","Search Volume 2/2018","Search Volume 3/2018","Search Volume 4/2018","Search Volume 5/2018","Search Volume 6/2018","Search Volume 7/2018","Search Volume 8/2018","Search Volume 9/2018","Search Volume 10/2018","Search Volume 11/2018","Search Volume 12/2018","Search Volume 1/2019","Search Volume 2/2019","Search Volume 3/2019","Search Volume 4/2019","Search Volume 5/2019","Search Volume 6/2019","Search Volume 7/2019","Search Volume 8/2019","Search Volume 9/2019","Search Volume 10/2019","Search Volume 11/2019","Search Volume 12/2019","Search Volume 1/2020","Search Volume 2/2020","Search Volume 3/2020","Search Volume 4/2020","Search Volume 5/2020","Search Volume 6/2020","Search Volume 7/2020","Search Volume 8/2020","Search Volume 9/2020","Search Volume 10/2020","Search Volume 11/2020","Search Volume 12/2020","Search Volume 1/2021","Search Volume 2/2021","Search Volume 3/2021","Search Volume 4/2021","Search Volume 5/2021","Search Volume 6/2021","Search Volume 7/2021","Search Volume 8/2021","Search Volume 9/2021","Search Volume 10/2021","Search Volume 11/2021","Search Volume 12/2021","Search Volume 1/2022","Search Volume 2/2022","Search Volume 3/2022","Search Volume 4/2022","Search Volume 5/2022","Search Volume 6/2022","Search Volume 7/2022","Search Volume 8/2022","Search Volume 9/2022","Search Volume 10/2022","Search Volume 11/2022","Search Volume 12/2022","Search Volume 1/2023","Search Volume 2/2023","Search Volume 3/2023","Search Volume 4/2023","Search Volume 5/2023","Search Volume 6/2023","Search Volume 7/2023","Search Volume 8/2023","Search Volume 9/2023","Search Volume 10/2023","Search Volume 11/2023","Search Volume 12/2023","Search Volume 1/2024","Search Volume 2/2024","Search Volume 3/2024","Search Volume 4/2024","Search Volume 5/2024","Search Volume 6/2024","Search Volume 7/2024","Search Volume 8/2024","Search Volume 9/2024","Search Volume 10/2024","Search Volume 11/2024","Search Volume 12/2024","Search Volume 1/2025","Search Volume 2/2025","Search Volume 3/2025","Search Volume 4/2025","Search Volume 5/2025","Search Volume 6/2025","Search Volume 7/2025","Search Volume 8/2025","Search Volume 9/2025","Search Volume 10/2025","Search Volume 11/2025","Search Volume 12/2025","Search Volume 1/2026","Search Volume 2/2026","Search Volume 3/2026"
"yt to mp3",2740000,2740000,2740000,2740000,"Anywhere","0.28",0,10,10,"HOMEPAGES, REDDIT","navigational","Missing words in title","","","",368000,368000,450000,450000,450000,450000,450000,550000,550000,550000,550000,550000,673000,823000,673000,673000,1000000,1000000,1000000,1000000,1220000,1220000,1220000,1220000,823000,823000,823000,823000,673000,673000,673000,550000,673000,2740000,673000,673000,673000,673000,673000,673000,673000,673000,673000,673000,823000,823000,823000,823000,823000,673000,673000,823000,823000,823000,823000,673000,5000000,4090000,4090000,5000000,5000000,4090000,3350000,3350000,4090000,4090000,4090000,3350000,4090000,3350000,3350000,3350000,4090000,4090000,4090000,4090000,4090000,4090000,4090000,3350000,4090000,4090000,4090000,4090000,4090000,4090000,3350000,3350000,2740000,2740000,2740000,2740000,3350000,2740000,3350000,2740000,3350000,3350000,3350000,2740000,2740000,2740000,2740000,2240000,2740000,2240000,2240000,2240000,2240000,2240000,2240000,2240000,2240000,2240000,2240000,2240000,2740000,2740000,2740000,2740000,2740000,2740000,2740000,2740000,2740000,2740000,2740000,2740000,2740000
"youtube mp3",5930000,5910000,5740000,5370000,"Anywhere","0.44",0,15,-18,"HOMEPAGES, YOUTUBE","","Missing words in title","","","",,,37200000,37200000,37200000,45500000,45500000,45500000,45500000,45500000,55600000,45500000,55600000,55600000,45500000,55600000,45500000,45500000,55600000,55600000,55600000,55600000,55600000,45500000,55600000,55600000,55600000,45500000,45500000,45500000,45500000,37200000,37200000,37200000,37200000,30400000,30400000,30400000,30400000,30400000,24900000,24900000,24900000,24900000,55600000,45500000,45500000,55600000,55600000,55600000,24900000,30400000,30400000,30400000,30400000,30400000,30400000,30400000,30400000,30400000,37200000,30400000,30400000,30400000,24900000,30400000,24900000,24900000,24900000,24900000,24900000,20400000,24900000,24900000,24900000,24900000,24900000,20400000,20400000,16600000,20400000,20400000,20400000,20400000,16600000,16600000,16600000,16600000,16600000,16600000,16600000,16600000,16600000,16600000,16600000,16600000,16600000,16600000,16600000,16600000,16600000,16600000,16600000,11100000,9140000,9140000,9140000,7480000,7480000,7480000,7480000,7480000,6120000,7480000,6120000,6120000,6120000,6120000,6120000,6120000,6120000,6120000,6120000,6120000,6120000,6120000,6120000,5000000,5000000
"youtube copyright free music mp3 download",9900,9400,5400,3000,"Anywhere","0.75",6,48,-82,"YOUTUBE, HOMEPAGES","","Missing words in title","AI Overview","","",,,,,,,,,,,,,,,,,,,,,,,,,,,,,,,,,,,,,,,,,,,,,30,40,50,50,30,50,40,50,90,90,110,90,70,140,110,140,110,90,140,170,140,210,210,170,170,210,320,320,260,320,320,210,140,170,210,210,480,720,590,390,1300,5400,9900,12100,12100,14800,18100,18100,22200,22200,22200,22200,27100,22200,22200,18100,14800,18100,22200,18100,18100,18100,18100,14800,14800,14800,14800,14800,14800,14800,14800,12100,14800,14800,14800,14800,14800,14800,12100,12100,9900,1600,210,5400,3600
"youtube converter",2130000,2120000,2030000,1830000,"Anywhere","0.58",0,42,-9,"HOMEPAGES","","","","","",,13600000,13600000,13600000,13600000,16600000,16600000,16600000,16600000,16600000,20400000,16600000,20400000,20400000,20400000,24900000,20400000,20400000,20400000,20400000,20400000,20400000,20400000,20400000,20400000,20400000,24900000,20400000,20400000,20400000,20400000,16600000,16600000,16600000,16600000,16600000,16600000,16600000,13600000,16600000,13600000,13600000,13600000,13600000,13600000,13600000,13600000,13600000,16600000,13600000,11100000,13600000,13600000,11100000,11100000,9140000,9140000,9140000,9140000,9140000,9140000,9140000,7480000,7480000,7480000,7480000,7480000,6120000,6120000,5000000,5000000,5000000,5000000,5000000,5000000,5000000,5000000,5000000,4090000,4090000,4090000,4090000,4090000,3350000,3350000,3350000,2740000,2740000,2740000,2740000,2740000,2240000,2740000,2240000,2740000,2240000,2740000,2240000,2240000,2240000,2240000,2240000,2240000,2240000,2240000,2240000,2240000,2240000,2240000,1830000,1830000,1830000,1830000,2240000,1830000,1830000,2240000,2240000,2240000,2240000,2240000,2240000,2240000,2240000,2240000,2240000,1830000,1830000,1830000
"youtube to mp3 converter",1480000,1470000,1400000,1310000,"Anywhere","0.71",0,40,-40,"HOMEPAGES","","Missing words in title","","","",,1000000,1500000,1220000,1000000,1220000,1220000,1220000,1220000,1220000,1220000,1220000,1500000,1500000,6120000,7480000,7480000,7480000,7480000,7480000,7480000,7480000,9140000,7480000,9140000,9140000,13600000,13600000,11100000,11100000,11100000,9140000,9140000,9140000,9140000,9140000,9140000,9140000,7480000,9140000,7480000,7480000,7480000,7480000,7480000,6120000,7480000,7480000,7480000,7480000,1500000,1830000,1830000,1830000,1830000,1500000,1500000,1500000,1500000,1500000,1830000,1830000,1500000,1500000,1500000,1500000,1220000,1220000,1500000,1500000,1500000,1220000,1500000,1830000,1830000,2240000,1830000,2740000,2240000,2240000,3350000,5000000,5000000,5000000,3350000,5000000,5000000,4090000,5000000,3350000,3350000,3350000,3350000,3350000,3350000,2740000,2740000,2740000,2240000,2240000,2240000,2240000,2240000,2240000,2740000,2740000,2740000,2240000,2240000,2740000,2240000,2740000,2240000,2740000,2740000,2240000,1830000,1500000,1500000,1500000,1830000,1500000,1500000,1500000,1500000,1500000,1500000,1220000,1220000
"youtube mp3 download",1400000,1420000,1400000,1310000,"Anywhere","0.51",0,37,-18,"HOMEPAGES","","Missing words in title","","","",,,,,,,,,,,,,,,1830000,2740000,2240000,2740000,2240000,2240000,2240000,2240000,2240000,2240000,2240000,2240000,,,,3350000,3350000,2740000,2740000,2740000,2740000,2240000,2740000,2740000,2740000,2740000,2740000,2740000,2740000,2740000,2740000,2740000,2740000,2740000,2740000,2740000,550000,550000,823000,823000,673000,673000,673000,673000,673000,673000,673000,673000,550000,550000,673000,673000,550000,550000,550000,550000,550000,550000,673000,673000,673000,823000,673000,673000,673000,550000,673000,673000,823000,823000,823000,1000000,823000,823000,823000,823000,823000,823000,1000000,1000000,1000000,1000000,1000000,1000000,1000000,1000000,1000000,1000000,1000000,1220000,1500000,1500000,1500000,1500000,1500000,1500000,1500000,1500000,1500000,1830000,1830000,1500000,1500000,1220000,1500000,1500000,1500000,1500000,1220000,1500000,1500000,1500000,1500000,1220000,1220000
"youtube to mp3 converter free",94300,90600,79600,65000,"Anywhere","0.57",0,38,-74,"HOMEPAGES","","Missing words in title","AI Overview","","",3600,3600,12100,8100,5400,5400,5400,4400,3600,2900,4400,4400,6600,8100,6600,9900,9900,9900,8100,6600,8100,6600,8100,201000,201000,165000,301000,301000,246000,201000,201000,165000,201000,201000,201000,165000,246000,201000,201000,201000,201000,201000,165000,165000,165000,135000,165000,246000,301000,201000,14800,14800,22200,18100,12100,9900,9900,8100,9900,9900,12100,12100,9900,14800,12100,14800,9900,8100,8100,8100,8100,9900,12100,14800,22200,18100,18100,27100,18100,18100,18100,27100,90500,110000,90500,165000,246000,246000,301000,301000,368000,368000,450000,368000,450000,368000,450000,368000,368000,368000,368000,368000,368000,450000,450000,450000,450000,450000,550000,368000,550000,550000,450000,550000,550000,368000,201000,135000,135000,110000,110000,90500,74000,74000,74000,135000,74000,60500,60500
"ytmp3",4770000,4830000,4690000,4390000,"Anywhere","0.38",0,34,-9,"REDDIT, HOMEPAGES","","","","","",,,,,246000,246000,246000,246000,246000,246000,246000,246000,246000,301000,301000,368000,301000,301000,301000,1000000,1220000,1220000,1220000,1220000,550000,550000,673000,1000000,2240000,2740000,2740000,2740000,2740000,2740000,2240000,2240000,2740000,2740000,2740000,3350000,3350000,3350000,3350000,3350000,4090000,4090000,4090000,4090000,5000000,5000000,5000000,6120000,6120000,6120000,5000000,5000000,5000000,6120000,6120000,6120000,7480000,11100000,11100000,11100000,9140000,11100000,11100000,11100000,11100000,11100000,11100000,11100000,11100000,11100000,11100000,13600000,11100000,13600000,11100000,9140000,9140000,7480000,7480000,7480000,7480000,6120000,7480000,6120000,7480000,7480000,6120000,6120000,6120000,7480000,7480000,7480000,7480000,6120000,6120000,6120000,6120000,6120000,6120000,6120000,6120000,6120000,6120000,6120000,7480000,9140000,7480000,6120000,4090000,5000000,6120000,5000000,5000000,4090000,5000000,5000000,5000000,5000000,5000000,5000000,5000000,5000000,5000000,4090000,4090000
"copyright free music for youtube mp3 download",450,430,380,370,"Anywhere","0.25",16,44,-40,"HOMEPAGES","","Missing words in title","","","",,,,,,,,,,,,,,,,,,,,,,,,,,,,,,,,,,,,,,,,,,,,,0,0,0,0,0,0,30,30,40,70,70,70,140,210,210,210,320,210,320,320,260,260,320,320,320,590,1600,1600,2900,4400,4400,5400,4400,5400,5400,5400,3600,2900,3600,4400,6600,6600,5400,3600,2400,2900,1900,1900,1600,1600,1900,1900,1600,1600,1600,1300,1000,1000,1300,1300,1300,1000,880,720,720,720,880,720,590,590,720,590,590,590,480,590,590,480,390,390,390,390,480,320,320
"download lagu youtube",163000,165000,155000,145000,"Anywhere","0.01",1,31,-40,"","","Missing words in title","","2900","2900",2900,2900,3600,3600,3600,3600,3600,4400,4400,4400,5400,4400,5400,6600,6600,8100,9900,9900,9900,9900,9900,9900,12100,12100,14800,14800,18100,22200,22200,18100,22200,18100,27100,27100,33100,33100,40500,40500,49500,49500,49500,49500,49500,49500,60500,60500,74000,74000,90500,90500,90500,110000,110000,90500,110000,110000,110000,135000,135000,165000,165000,201000,165000,201000,165000,201000,201000,165000,201000,201000,246000,301000,301000,301000,301000,246000,201000,246000,201000,165000,201000,201000,246000,246000,201000,201000,165000,165000,165000,165000,135000,165000,201000,246000,368000,368000,368000,368000,368000,368000,301000,301000,301000,246000,368000,201000,301000,301000,301000,368000,301000,301000,301000,301000,301000,301000,201000,135000,135000,110000,246000,201000,201000,165000,165000,165000,165000,135000,135000
"youtube downloader online mp3",18400,17000,13900,13000,"Anywhere","0.26",0,15,-87,"HOMEPAGES, TOOLS","","Missing words in title","","","",9900,12100,12100,12100,9900,12100,9900,8100,8100,8100,8100,8100,8100,8100,27100,33100,27100,33100,33100,33100,33100,33100,40500,40500,49500,49500,74000,60500,60500,60500,49500,49500,49500,49500,49500,49500,60500,49500,49500,60500,60500,60500,60500,60500,60500,60500,60500,74000,90500,74000,8100,8100,12100,9900,8100,8100,6600,6600,6600,6600,6600,6600,5400,5400,5400,6600,6600,5400,5400,4400,4400,3600,4400,5400,5400,5400,5400,5400,5400,4400,5400,5400,6600,8100,201000,450000,301000,246000,246000,246000,201000,201000,201000,201000,201000,201000,201000,165000,135000,135000,135000,135000,135000,165000,165000,110000,90500,74000,74000,110000,135000,135000,135000,165000,165000,90500,40500,33100,27100,22200,22200,18100,14800,14800,14800,14800,14800,12100,12100
"youtube mp3 download converter",25300,23900,17900,15000,"Anywhere","",0,20,-81,"HOMEPAGES, TOOLS","","Missing words in title","","","",,,,,,,,,,,,,,,,,,,,,,,,,,,,,,,,,,165000,135000,110000,135000,135000,110000,110000,110000,110000,90500,90500,90500,90500,90500,90500,110000,110000,1900,1900,3600,4400,3600,2900,2900,2900,2400,2400,2400,2400,1900,2400,2400,2400,2400,1900,2400,1900,1900,1600,1600,1600,2400,2900,2400,2900,2400,1900,1900,2400,14800,33100,22200,49500,74000,90500,60500,60500,60500,74000,74000,74000,90500,90500,90500,90500,90500,74000,74000,74000,90500,110000,135000,110000,135000,90500,90500,110000,90500,135000,110000,135000,165000,110000,60500,40500,40500,33100,33100,27100,22200,22200,18100,22200,18100,12100,14800
"youtube to mp3 downloader app",3500,3400,4100,4400,"Anywhere","0.21",4,40,-58,"REDDIT, LISTICLES, PRODUCT, ANDROID","","Missing words in title","Featured Snippet","","",,880,390,590,880,880,880,720,1000,1000,880,720,1000,1000,1000,1600,1300,1600,1600,1300,1600,1300,1300,1600,1900,,,,,,,,,12100,12100,12100,14800,14800,18100,14800,12100,14800,12100,8100,9900,12100,9900,12100,12100,12100,5400,4400,6600,8100,1300,1000,1000,1000,5400,4400,6600,12100,9900,12100,14800,22200,18100,14800,12100,12100,12100,12100,14800,4400,3600,4400,3600,2900,22200,40500,135000,165000,165000,49500,49500,60500,135000,201000,165000,165000,135000,110000,135000,110000,74000,22200,18100,14800,9900,8100,6600,6600,5400,5400,4400,3600,2900,2900,2900,2400,2400,2400,2400,2900,40500,22200,22200,5400,3600,2900,2400,1900,1900,1900,1600,8100,8100,2900,2400
"youtube audio download mp3",45600,44200,39500,35500,"Anywhere","0.61",0,15,-65,"REDDIT","","Missing words in title","","","",,,,,,,,,,,,,,,,,,,,,,,,,,,,,,,,,,,,,,,,,,,,,1600,1600,1900,1900,2400,2900,2400,2900,4400,3600,1900,1900,2400,2400,2400,1900,2400,2900,2900,2900,2400,2900,2900,2400,2400,2900,2900,2900,3600,3600,3600,5400,5400,5400,5400,4400,5400,5400,33100,90500,74000,74000,90500,90500,74000,90500,110000,135000,165000,135000,165000,165000,165000,201000,165000,165000,135000,201000,201000,165000,246000,201000,165000,135000,110000,165000,135000,135000,165000,165000,165000,135000,74000,60500,60500,49500,49500,49500,40500,40500,40500,49500,40500,33100,33100
"cara download lagu dari youtube",7100,6800,4200,3300,"Anywhere","0.03",6,32,-64,"","","","","5400","6600",6600,5400,5400,6600,6600,6600,6600,9900,9900,6600,5400,6600,6600,8100,6600,8100,8100,6600,5400,5400,8100,8100,8100,5400,6600,8100,14800,12100,8100,8100,12100,9900,6600,6600,12100,12100,8100,8100,14800,14800,6600,8100,12100,9900,6600,8100,12100,12100,9900,18100,14800,9900,12100,18100,14800,9900,18100,27100,14800,18100,22200,22200,22200,22200,22200,18100,22200,18100,22200,18100,18100,22200,22200,22200,18100,27100,22200,22200,22200,18100,18100,18100,22200,22200,18100,22200,22200,22200,18100,18100,14800,14800,18100,12100,14800,14800,14800,14800,12100,12100,12100,12100,12100,9900,12100,12100,12100,12100,12100,12100,9900,9900,9900,12100,9900,8100,9900,9900,12100,12100,9900,8100,8100,4400,6600,4400,3600,2900,3600
"youtube audio downloader",1050000,1080000,1110000,1070000,"Anywhere","0.61",0,35,22,"REDDIT, HOMEPAGES","","Missing words in title","People Also Ask","","",,33100,33100,33100,33100,40500,40500,33100,40500,40500,40500,33100,40500,40500,90500,110000,110000,110000,110000,110000,110000,110000,110000,135000,110000,135000,135000,135000,135000,165000,165000,165000,165000,165000,165000,135000,165000,165000,165000,201000,201000,201000,201000,165000,201000,201000,201000,201000,201000,201000,110000,110000,110000,110000,90500,90500,90500,110000,110000,110000,135000,135000,135000,135000,135000,165000,165000,135000,165000,135000,165000,165000,165000,201000,201000,201000,201000,201000,201000,165000,201000,246000,246000,246000,301000,368000,368000,368000,368000,450000,450000,368000,450000,450000,450000,450000,450000,550000,550000,550000,550000,550000,550000,550000,673000,673000,673000,673000,673000,673000,823000,823000,673000,823000,823000,823000,1000000,823000,1000000,1000000,1000000,1220000,1000000,1220000,1000000,1220000,1220000,1000000,1000000
"convert youtube to mp3 converter",173000,162000,121000,97000,"Anywhere","0.46",0,18,-81,"HOMEPAGES","","Missing words in title","AI Overview","","",110,90,260,140,140,110,210,90,90,110,90,90,110,110,140,90,110,260,170,170,590,260,170,,,,,,,,,,,,,,,,,,0,0,0,0,0,0,1000,1300,1300,1000,5400,4400,9900,9900,8100,8100,8100,6600,8100,6600,8100,8100,6600,8100,6600,6600,6600,5400,5400,5400,5400,5400,6600,246000,550000,823000,823000,823000,823000,823000,1000000,1220000,1220000,1220000,1000000,1220000,1000000,1000000,1000000,823000,823000,823000,823000,823000,1000000,823000,823000,823000,823000,823000,823000,823000,823000,823000,1000000,823000,1000000,823000,823000,823000,823000,823000,823000,823000,823000,673000,368000,301000,246000,246000,201000,201000,165000,165000,135000,135000,110000,90500,90500
"youtube video download mp3",266000,262000,249000,216000,"Anywhere","0.02",0,32,-33,"HOMEPAGES","","Missing words in title","","","",,,,,,,2400,2400,2900,2400,2400,2900,2900,2900,49500,74000,74000,110000,110000,110000,110000,110000,110000,110000,135000,110000,,,,,,,,135000,110000,110000,165000,165000,246000,246000,201000,301000,201000,165000,165000,135000,135000,165000,165000,165000,14800,22200,40500,27100,27100,22200,22200,27100,33100,40500,40500,49500,40500,40500,40500,49500,49500,40500,49500,40500,49500,40500,60500,74000,60500,49500,49500,49500,60500,49500,49500,74000,165000,301000,368000,301000,368000,368000,368000,368000,368000,368000,301000,301000,301000,368000,368000,301000,301000,301000,301000,301000,368000,368000,368000,301000,301000,301000,301000,301000,301000,368000,301000,368000,450000,368000,301000,301000,301000,246000,301000,301000,246000,301000,301000,246000,246000,201000,201000
"4k youtube to mp3",28500,29400,35300,43600,"Anywhere","0.27",3,47,95,"PRODUCT, GUIDES, REDDIT","","Missing words in title","People Also Ask","","",,,,,,,,,,,,,,,,,,9900,12100,12100,12100,12100,9900,12100,12100,12100,18100,14800,18100,18100,27100,22200,22200,18100,18100,18100,18100,18100,18100,22200,18100,18100,18100,18100,22200,18100,22200,27100,33100,27100,22200,22200,27100,33100,40500,33100,27100,27100,33100,27100,27100,27100,22200,22200,22200,27100,27100,18100,22200,27100,40500,27100,27100,40500,49500,110000,74000,49500,49500,60500,40500,60500,49500,49500,22200,18100,14800,14800,14800,14800,14800,18100,22200,22200,22200,14800,18100,14800,12100,18100,18100,18100,18100,18100,22200,22200,22200,22200,27100,27100,27100,27100,27100,33100,33100,33100,27100,18100,14800,14800,22200,27100,33100,27100,27100,27100,22200,18100,90500
"best youtube to mp3 software",110,110,140,180,"Anywhere","1.74",11,43,17,"","","","","","",,,,20,30,30,30,30,30,20,20,30,50,30,40,30,20,30,40,30,30,,,,,,,,,,,,,,,,,,,,,,,30,30,50,50,90,50,40,210,720,720,2900,1900,1900,1300,1600,390,140,90,70,70,140,110,90,210,2400,3600,70,110,70,70,90,90,140,110,170,90,50,50,50,70,90,9900,49500,6600,1300,2400,2400,2900,1600,1900,720,590,210,140,140,140,90,90,110,110,110,90,70,90,210,210,90,50,40,110,210,260,210,90,110,70,50,70,110,110,90,90,140,170,170,210
"youtube to mp3 mac",1600,1500,1300,1500,"Anywhere","0.92",7,44,-67,"REDDIT, LISTICLES, YOUTUBE","","Missing words in title","Knowledge Graph","","14800",14800,14800,14800,12100,9900,12100,12100,9900,12100,9900,9900,9900,9900,9900,9900,12100,9900,12100,9900,8100,8100,8100,6600,8100,8100,8100,9900,8100,6600,8100,9900,8100,8100,6600,6600,6600,8100,8100,8100,9900,9900,9900,8100,6600,8100,6600,8100,18100,18100,12100,8100,8100,18100,22200,27100,27100,22200,33100,33100,49500,74000,49500,22200,40500,33100,33100,49500,40500,60500,33100,9900,8100,12100,22200,18100,14800,12100,12100,9900,8100,8100,12100,8100,12100,8100,18100,22200,12100,5400,2900,2900,4400,4400,3600,4400,4400,4400,4400,5400,4400,4400,5400,6600,8100,12100,12100,12100,8100,4400,2900,3600,3600,4400,5400,5400,3600,2400,2400,2900,1900,1600,1600,1300,1300,1000,1300,1900,1300,1300
"youtube music converter",28700,28900,27400,23800,"Anywhere","0.73",1,15,-16,"HOMEPAGES","","Missing words in title","","","",33100,33100,49500,33100,33100,40500,40500,40500,49500,40500,49500,40500,49500,49500,49500,74000,74000,74000,74000,60500,60500,60500,60500,49500,49500,49500,74000,60500,49500,49500,49500,40500,40500,40500,40500,40500,49500,49500,40500,40500,40500,40500,40500,33100,33100,33100,33100,33100,40500,33100,27100,33100,33100,33100,33100,27100,33100,33100,33100,27100,33100,33100,27100,27100,27100,27100,22200,22200,27100,22200,22200,18100,22200,27100,27100,33100,27100,33100,27100,22200,27100,33100,60500,60500,60500,40500,40500,33100,33100,33100,27100,33100,33100,27100,33100,33100,33100,27100,27100,27100,27100,33100,27100,33100,33100,33100,33100,27100,27100,27100,33100,27100,27100,33100,33100,27100,33100,27100,27100,33100,33100,33100,27100,33100,27100,33100,27100,22200,22200
"download lagu yt",26400,26800,29100,29100,"Anywhere","0.01",1,33,36,"","","","","","",,,,,,,,,,,,,,,1000,1000,1000,1000,1300,1000,1000,1000,1000,1000,1600,1600,2400,1600,1600,1900,1900,1600,1900,2400,2900,2900,3600,3600,4400,4400,4400,4400,4400,4400,5400,6600,6600,8100,9900,8100,8100,9900,12100,12100,12100,12100,14800,18100,14800,18100,18100,18100,18100,18100,18100,18100,22200,18100,22200,18100,18100,22200,22200,27100,22200,27100,33100,33100,40500,40500,40500,40500,49500,49500,49500,49500,49500,40500,40500,40500,40500,40500,40500,40500,40500,40500,40500,40500,40500,40500,40500,33100,33100,33100,33100,33100,33100,27100,22200,27100,22200,22200,22200,22200,22200,18100,22200,22200,27100,27100,22200,22200,22200,27100,27100,33100,33100,27100,27100
"best youtube to mp3 converter 2022",10,10,10,10,"Anywhere","",0,28,-50,"LISTICLES, REDDIT, QUORA","","Missing words in title","","","",,,,,,,,,,,,,,,,,,,,,,,,,,,,,,,,,,,,,,,,,,,,,,0,0,0,0,0,0,0,0,0,0,0,0,0,0,0,0,0,0,0,0,0,0,0,0,0,0,0,0,0,10,10,0,10,170,1000,2400,4400,6600,9900,18100,27100,18100,49500,40500,22200,5400,3600,720,720,720,390,390,390,260,210,170,170,140,110,70,50,30,20,20,10,20,10,10,20,20,40,20,10,20,10,10,10,10,10,10,10,10,10,10
"youtube to mp3 converter safe 2022",10,10,10,10,"Anywhere","",,27,-100,"LISTICLES","","Missing words in title","Featured Snippet","","",,,,,,,,,,,,,,,,,,,,,,,,,,,,,,,,,,,,,,,,,,,,,,0,0,0,0,0,0,0,0,0,0,0,0,0,0,0,0,0,0,0,0,0,0,0,0,0,0,0,0,0,0,0,0,0,10,10,10,10,10,10,10,20,70,170,480,1600,2400,3600,5400,9900,6600,5400,3600,480,390,260,170,140,260,590,390,70,90,110,50,20,10,10,10,10,10,30,20,10,10,10,10,10,10,0,10,0,10,0,0